Workbook

Sheet 使用说明
A1: 航空轮胎热氧老化与滑动磨损实验记录模板
A4: 填写原则
A5: 1 | B5: 数据边界 | C5: 每行一个样品、工况或测量记录；单位写在列名中。 | D5: 不要合并单元格 | E5: 原始值不可覆盖 | F5: 示例行以 DEMO- 开头
A6: 2 | B6: 身份脱敏 | C6: 姓名、学号和手机号替换为 OP-A、REVIEWER-B 等代码。 | D6: 人员代码 | E6: 不得写个人敏感信息 | F6: 参见脱敏规范
A7: 3 | B7: 样品关联 | C7: sample_id 必须同时出现在样品信息和磨损原始记录中。 | D7: TIR-批次-工况-重复 | E7: 保持唯一 | F7: 不得重复使用
A8: 4 | B8: 工况关联 | C8: aging_condition_id 对应老化工况表中的唯一编号。 | D8: AGE-100C-72H | E8: 温度与时间分列 | F8: 记录实测偏差
A9: 5 | B9: 原始附件 | C9: 仪器 CSV/TXT 保存到 attachments，工作簿记录 source_file。 | D9: 相对路径 | E9: 保留原文件 | F9: 不覆盖仪器数据
A10: 6 | B10: 质量控制 | C10: 异常、缺失、排除均填写 qc_flag 和备注。 | D10: pass/review/exclude | E10: 排除需说明理由 | F10: 由复核人确认
A11: 7 | B11: 公式列 | C11: 滑动距离、摩擦系数、质量损失和磨损率由公式计算。 | D11: 蓝色列为输入 | E11: 绿色列为公式 | F11: 不要粘贴覆盖公式
A12: 8 | B12: 入库条件 | C12: 授权状态、数据复核和专业复核全部通过后才能进入 RAG。 | D12: manifest | E12: review_status=approved | F12: approved_for_rag=true

Sheet 样品信息
A1: 样品信息
A4: sample_id | B4: batch_code | C4: material_type | D4: compound_code | E4: specimen_shape | F4: length_mm | G4: width_mm | H4: thickness_mm | I4: preparation_date | J4: aging_condition_id | K4: repetition_no | L4: authorization_status | M4: notes
A5: TIR-RXQ-D000-S15 | B5: RXQ-ANON-BATCH | C5: 航空轮胎胎面橡胶 | D5: ANON-COMPOUND | E5: 矩形块 | F5: 19 | G5: 5 | H5: 8 | J5: AGE-RXQ-0000H | K5: 1 | L5: authorized | M5: 原试件编号 15；身份与配方信息已脱敏
A6: TIR-RXQ-D000-S16 | B6: RXQ-ANON-BATCH | C6: 航空轮胎胎面橡胶 | D6: ANON-COMPOUND | E6: 矩形块 | F6: 19 | G6: 5 | H6: 8 | J6: AGE-RXQ-0000H | K6: 2 | L6: authorized | M6: 原试件编号 16；身份与配方信息已脱敏
A7: TIR-RXQ-D001-S17 | B7: RXQ-ANON-BATCH | C7: 航空轮胎胎面橡胶 | D7: ANON-COMPOUND | E7: 矩形块 | F7: 19 | G7: 5 | H7: 8 | J7: AGE-RXQ-0024H | K7: 1 | L7: authorized | M7: 原试件编号 17；身份与配方信息已脱敏
A8: TIR-RXQ-D001-S18 | B8: RXQ-ANON-BATCH | C8: 航空轮胎胎面橡胶 | D8: ANON-COMPOUND | E8: 矩形块 | F8: 19 | G8: 5 | H8: 8 | J8: AGE-RXQ-0024H | K8: 2 | L8: authorized | M8: 原试件编号 18；身份与配方信息已脱敏
A9: TIR-RXQ-D002-S21 | B9: RXQ-ANON-BATCH | C9: 航空轮胎胎面橡胶 | D9: ANON-COMPOUND | E9: 矩形块 | F9: 19 | G9: 5 | H9: 8 | J9: AGE-RXQ-0048H | K9: 1 | L9: authorized | M9: 原试件编号 21；身份与配方信息已脱敏
A10: TIR-RXQ-D002-S22 | B10: RXQ-ANON-BATCH | C10: 航空轮胎胎面橡胶 | D10: ANON-COMPOUND | E10: 矩形块 | F10: 19 | G10: 5 | H10: 8 | J10: AGE-RXQ-0048H | K10: 2 | L10: authorized | M10: 原试件编号 22；身份与配方信息已脱敏
A11: TIR-RXQ-D003-S26 | B11: RXQ-ANON-BATCH | C11: 航空轮胎胎面橡胶 | D11: ANON-COMPOUND | E11: 矩形块 | F11: 19 | G11: 5 | H11: 8 | J11: AGE-RXQ-0072H | K11: 1 | L11: authorized | M11: 原试件编号 26；身份与配方信息已脱敏
A12: TIR-RXQ-D003-S28 | B12: RXQ-ANON-BATCH | C12: 航空轮胎胎面橡胶 | D12: ANON-COMPOUND | E12: 矩形块 | F12: 19 | G12: 5 | H12: 8 | J12: AGE-RXQ-0072H | K12: 2 | L12: authorized | M12: 原试件编号 28；身份与配方信息已脱敏
A13: TIR-RXQ-D007-S3 | B13: RXQ-ANON-BATCH | C13: 航空轮胎胎面橡胶 | D13: ANON-COMPOUND | E13: 矩形块 | F13: 19 | G13: 5 | H13: 8 | J13: AGE-RXQ-0168H | K13: 1 | L13: authorized | M13: 原试件编号 3；身份与配方信息已脱敏
A14: TIR-RXQ-D007-S5 | B14: RXQ-ANON-BATCH | C14: 航空轮胎胎面橡胶 | D14: ANON-COMPOUND | E14: 矩形块 | F14: 19 | G14: 5 | H14: 8 | J14: AGE-RXQ-0168H | K14: 2 | L14: authorized | M14: 原试件编号 5；身份与配方信息已脱敏
A15: TIR-RXQ-D014-S41 | B15: RXQ-ANON-BATCH | C15: 航空轮胎胎面橡胶 | D15: ANON-COMPOUND | E15: 矩形块 | F15: 19 | G15: 5 | H15: 8 | J15: AGE-RXQ-0336H | K15: 1 | L15: authorized | M15: 原试件编号 41；身份与配方信息已脱敏
A16: TIR-RXQ-D014-S42 | B16: RXQ-ANON-BATCH | C16: 航空轮胎胎面橡胶 | D16: ANON-COMPOUND | E16: 矩形块 | F16: 19 | G16: 5 | H16: 8 | J16: AGE-RXQ-0336H | K16: 2 | L16: authorized | M16: 原试件编号 42；身份与配方信息已脱敏
... A22: TIR-RXQ-D035-S78 | B22: RXQ-ANON-BATCH | C22: 航空轮胎胎面橡胶 | D22: ANON-COMPOUND | E22: 矩形块 | F22: 19 | G22: 5 | H22: 8 | J22: AGE-RXQ-0840H | K22: 2 | L22: authorized | M22: 原试件编号 78；身份与配方信息已脱敏

Sheet 老化工况
A1: 热氧老化工况
A4: aging_condition_id | B4: set_temperature_C | C4: measured_temperature_mean_C | D4: temperature_tolerance_C | E4: duration_h | F4: atmosphere | G4: air_exchange | H4: oven_code | I4: start_datetime | J4: end_datetime | K4: sample_count | L4: standard_or_sop | M4: qc_flag | N4: notes
A5: AGE-RXQ-0000H | B5: 75 | E5: 0 | F5: air | G5: automatic_every_10_s | H5: HD-E701 | K5: 2 | L5: GB/T 3512-2014 | M5: pass_with_source_variant | N5: 75 °C 通风老化箱；自动换气每 10 s 一次；0 d 为未暴露对照。源磨损工作簿含 2 d 组，但定稿论文方案未列该组，故保留并标注来源差异。
A6: AGE-RXQ-0024H | B6: 75 | E6: 24 | F6: air | G6: automatic_every_10_s | H6: HD-E701 | K6: 2 | L6: GB/T 3512-2014 | M6: pass_with_source_variant | N6: 75 °C 通风老化箱；自动换气每 10 s 一次；0 d 为未暴露对照。源磨损工作簿含 2 d 组，但定稿论文方案未列该组，故保留并标注来源差异。
A7: AGE-RXQ-0048H | B7: 75 | E7: 48 | F7: air | G7: automatic_every_10_s | H7: HD-E701 | K7: 2 | L7: GB/T 3512-2014 | M7: pass_with_source_variant | N7: 75 °C 通风老化箱；自动换气每 10 s 一次；0 d 为未暴露对照。源磨损工作簿含 2 d 组，但定稿论文方案未列该组，故保留并标注来源差异。
A8: AGE-RXQ-0072H | B8: 75 | E8: 72 | F8: air | G8: automatic_every_10_s | H8: HD-E701 | K8: 2 | L8: GB/T 3512-2014 | M8: pass_with_source_variant | N8: 75 °C 通风老化箱；自动换气每 10 s 一次；0 d 为未暴露对照。源磨损工作簿含 2 d 组，但定稿论文方案未列该组，故保留并标注来源差异。
A9: AGE-RXQ-0168H | B9: 75 | E9: 168 | F9: air | G9: automatic_every_10_s | H9: HD-E701 | K9: 2 | L9: GB/T 3512-2014 | M9: pass_with_source_variant | N9: 75 °C 通风老化箱；自动换气每 10 s 一次；0 d 为未暴露对照。源磨损工作簿含 2 d 组，但定稿论文方案未列该组，故保留并标注来源差异。
A10: AGE-RXQ-0336H | B10: 75 | E10: 336 | F10: air | G10: automatic_every_10_s | H10: HD-E701 | K10: 2 | L10: GB/T 3512-2014 | M10: pass_with_source_variant | N10: 75 °C 通风老化箱；自动换气每 10 s 一次；0 d 为未暴露对照。源磨损工作簿含 2 d 组，但定稿论文方案未列该组，故保留并标注来源差异。
A11: AGE-RXQ-0504H | B11: 75 | E11: 504 | F11: air | G11: automatic_every_10_s | H11: HD-E701 | K11: 2 | L11: GB/T 3512-2014 | M11: pass_with_source_variant | N11: 75 °C 通风老化箱；自动换气每 10 s 一次；0 d 为未暴露对照。源磨损工作簿含 2 d 组，但定稿论文方案未列该组，故保留并标注来源差异。
A12: AGE-RXQ-0672H | B12: 75 | E12: 672 | F12: air | G12: automatic_every_10_s | H12: HD-E701 | K12: 2 | L12: GB/T 3512-2014 | M12: pass_with_source_variant | N12: 75 °C 通风老化箱；自动换气每 10 s 一次；0 d 为未暴露对照。源磨损工作簿含 2 d 组，但定稿论文方案未列该组，故保留并标注来源差异。
A13: AGE-RXQ-0840H | B13: 75 | E13: 840 | F13: air | G13: automatic_every_10_s | H13: HD-E701 | K13: 2 | L13: GB/T 3512-2014 | M13: pass_with_source_variant | N13: 75 °C 通风老化箱；自动换气每 10 s 一次；0 d 为未暴露对照。源磨损工作簿含 2 d 组，但定稿论文方案未列该组，故保留并标注来源差异。

Sheet 磨损原始记录
A1: 滑动摩擦磨损原始记录
A4: record_id | B4: sample_id | C4: aging_condition_id | D4: test_date | E4: operator_code | F4: normal_load_N | G4: sliding_speed_m_s | H4: duration_s | I4: sliding_distance_m | J4: friction_force_mean_N | K4: friction_coefficient | L4: mass_before_mg | M4: mass_after_mg | N4: mass_loss_mg | O4: wear_rate_mg_per_Nm | P4: surface_temp_C | Q4: ambient_temp_C | R4: relative_humidity_pct | S4: counterface_material | T4: equipment_code | U4: repetition_no | V4: source_file | W4: qc_flag | X4: notes
A5: RXQ-WEAR-D000-S15 | B5: TIR-RXQ-D000-S15 | C5: AGE-RXQ-0000H | E5: ANON-OPERATOR | F5: 50 | G5: 0.20943933 | H5: 6000 | I5: 1256.636 | J5: 27.12105 | K5: 0.542421 | L5: 2118.8 | M5: 2101 | N5: 17.8 | O5: 0.28329604 | P5: 79.91674 | Q5: 25 | R5: 45 | S5: abrasive_wheel_80_mesh | T5: CFT-I | U5: 1 | V5: pending_review/rxq_aging_experiments/data/原始数据.xlsx | W5: pass_with_documented_conditions | X5: 100 r/min、10000 r、50 N；25±1 °C、45±3% RH；80 目砂轮，2000 目砂纸预处理；硬度均值 71.560→63.780 HA。
A6: RXQ-WEAR-D000-S16 | B6: TIR-RXQ-D000-S16 | C6: AGE-RXQ-0000H | E6: ANON-OPERATOR | F6: 50 | G6: 0.20943933 | H6: 6000 | I6: 1256.636 | J6: 22.54705 | K6: 0.450941 | L6: 3291 | M6: 3263.2 | N6: 27.8 | O6: 0.44245112 | P6: 63.32903 | Q6: 25 | R6: 45 | S6: abrasive_wheel_80_mesh | T6: CFT-I | U6: 2 | V6: pending_review/rxq_aging_experiments/data/原始数据.xlsx | W6: pass_with_documented_conditions | X6: 100 r/min、10000 r、50 N；25±1 °C、45±3% RH；80 目砂轮，2000 目砂纸预处理；硬度均值 71.460→60.060 HA。
A7: RXQ-WEAR-D001-S17 | B7: TIR-RXQ-D001-S17 | C7: AGE-RXQ-0024H | E7: ANON-OPERATOR | F7: 50 | G7: 0.20943933 | H7: 6000 | I7: 1256.636 | J7: 24.2767 | K7: 0.485534 | L7: 2124.6 | M7: 2102.6 | N7: 22 | O7: 0.35014117 | P7: 74.17528 | Q7: 25 | R7: 45 | S7: abrasive_wheel_80_mesh | T7: CFT-I | U7: 1 | V7: pending_review/rxq_aging_experiments/data/原始数据.xlsx | W7: pass_with_documented_conditions | X7: 100 r/min、10000 r、50 N；25±1 °C、45±3% RH；80 目砂轮，2000 目砂纸预处理；硬度均值 70.680→59.680 HA。
A8: RXQ-WEAR-D001-S18 | B8: TIR-RXQ-D001-S18 | C8: AGE-RXQ-0024H | E8: ANON-OPERATOR | F8: 50 | G8: 0.20943933 | H8: 6000 | I8: 1256.636 | J8: 22.9887 | K8: 0.459774 | L8: 3350.6 | M8: 3335 | N8: 15.6 | O8: 0.24828192 | P8: 76.5737 | Q8: 25 | R8: 45 | S8: abrasive_wheel_80_mesh | T8: CFT-I | U8: 2 | V8: pending_review/rxq_aging_experiments/data/原始数据.xlsx | W8: pass_with_documented_conditions | X8: 100 r/min、10000 r、50 N；25±1 °C、45±3% RH；80 目砂轮，2000 目砂纸预处理；硬度均值 72.520→65.140 HA。
A9: RXQ-WEAR-D002-S21 | B9: TIR-RXQ-D002-S21 | C9: AGE-RXQ-0048H | E9: ANON-OPERATOR | F9: 50 | G9: 0.20943933 | H9: 6000 | I9: 1256.636 | J9: 24.362 | K9: 0.48724 | L9: 2102 | M9: 2081.2 | N9: 20.8 | O9: 0.33104256 | P9: 75.39103 | Q9: 25 | R9: 45 | S9: abrasive_wheel_80_mesh | T9: CFT-I | U9: 1 | V9: pending_review/rxq_aging_experiments/data/原始数据.xlsx | W9: pass_with_documented_conditions | X9: 100 r/min、10000 r、50 N；25±1 °C、45±3% RH；80 目砂轮，2000 目砂纸预处理；硬度均值 72.120→60.260 HA。
A10: RXQ-WEAR-D002-S22 | B10: TIR-RXQ-D002-S22 | C10: AGE-RXQ-0048H | E10: ANON-OPERATOR | F10: 50 | G10: 0.20943933 | H10: 6000 | I10: 1256.636 | J10: 24.8735 | K10: 0.49747 | L10: 2120.6 | M10: 2095 | N10: 25.6 | O10: 0.407437 | P10: 80.13497 | Q10: 25 | R10: 45 | S10: abrasive_wheel_80_mesh | T10: CFT-I | U10: 2 | V10: pending_review/rxq_aging_experiments/data/原始数据.xlsx | W10: pass_with_documented_conditions | X10: 100 r/min、10000 r、50 N；25±1 °C、45±3% RH；80 目砂轮，2000 目砂纸预处理；硬度均值 72.360→62.960 HA。
A11: RXQ-WEAR-D003-S26 | B11: TIR-RXQ-D003-S26 | C11: AGE-RXQ-0072H | E11: ANON-OPERATOR | F11: 50 | G11: 0.20943933 | H11: 6000 | I11: 1256.636 | J11: 25.86815 | K11: 0.517363 | L11: 2083.8 | M11: 2066 | N11: 17.8 | O11: 0.28329604 | P11: 84.29762 | Q11: 25 | R11: 45 | S11: abrasive_wheel_80_mesh | T11: CFT-I | U11: 1 | V11: pending_review/rxq_aging_experiments/data/原始数据.xlsx | W11: pass_with_documented_conditions | X11: 100 r/min、10000 r、50 N；25±1 °C、45±3% RH；80 目砂轮，2000 目砂纸预处理；硬度均值 72.920→66.660 HA。
A12: RXQ-WEAR-D003-S28 | B12: TIR-RXQ-D003-S28 | C12: AGE-RXQ-0072H | E12: ANON-OPERATOR | F12: 50 | G12: 0.20943933 | H12: 6000 | I12: 1256.636 | J12: 23.24705 | K12: 0.464941 | L12: 2108.2 | M12: 2078 | N12: 30.2 | O12: 0.48064833 | P12: 75.92598 | Q12: 25 | R12: 45 | S12: abrasive_wheel_80_mesh | T12: CFT-I | U12: 2 | V12: pending_review/rxq_aging_experiments/data/原始数据.xlsx | W12: pass_with_documented_conditions | X12: 100 r/min、10000 r、50 N；25±1 °C、45±3% RH；80 目砂轮，2000 目砂纸预处理；硬度均值 72.900→62.040 HA。
A13: RXQ-WEAR-D007-S3 | B13: TIR-RXQ-D007-S3 | C13: AGE-RXQ-0168H | E13: ANON-OPERATOR | F13: 50 | G13: 0.20943933 | H13: 6000 | I13: 1256.636 | J13: 24.04625 | K13: 0.480925 | L13: 2111.6 | M13: 2079 | N13: 32.6 | O13: 0.51884555 | P13: 73.40564 | Q13: 25 | R13: 45 | S13: abrasive_wheel_80_mesh | T13: CFT-I | U13: 1 | V13: pending_review/rxq_aging_experiments/data/原始数据.xlsx | W13: pass_with_documented_conditions | X13: 100 r/min、10000 r、50 N；25±1 °C、45±3% RH；80 目砂轮，2000 目砂纸预处理；硬度均值 75.120→62.400 HA。
A14: RXQ-WEAR-D007-S5 | B14: TIR-RXQ-D007-S5 | C14: AGE-RXQ-0168H | E14: ANON-OPERATOR | F14: 50 | G14: 0.20943933 | H14: 6000 | I14: 1256.636 | J14: 23.23125 | K14: 0.464625 | L14: 3244.2 | M14: 3217.6 | N14: 26.6 | O14: 0.42335251 | P14: 74.7369 | Q14: 25 | R14: 45 | S14: abrasive_wheel_80_mesh | T14: CFT-I | U14: 2 | V14: pending_review/rxq_aging_experiments/data/原始数据.xlsx | W14: pass_with_documented_conditions | X14: 100 r/min、10000 r、50 N；25±1 °C、45±3% RH；80 目砂轮，2000 目砂纸预处理；硬度均值 75.600→67.440 HA。
A15: RXQ-WEAR-D014-S41 | B15: TIR-RXQ-D014-S41 | C15: AGE-RXQ-0336H | E15: ANON-OPERATOR | F15: 50 | G15: 0.20943933 | H15: 6000 | I15: 1256.636 | J15: 24.86795 | K15: 0.497359 | L15: 2081.6 | M15: 2059 | N15: 22.6 | O15: 0.35969048 | P15: 76.62628 | Q15: 25 | R15: 45 | S15: abrasive_wheel_80_mesh | T15: CFT-I | U15: 1 | V15: pending_review/rxq_aging_experiments/data/原始数据.xlsx | W15: pass_with_documented_conditions | X15: 100 r/min、10000 r、50 N；25±1 °C、45±3% RH；80 目砂轮，2000 目砂纸预处理；硬度均值 77.120→66.900 HA。
A16: RXQ-WEAR-D014-S42 | B16: TIR-RXQ-D014-S42 | C16: AGE-RXQ-0336H | E16: ANON-OPERATOR | F16: 50 | G16: 0.20943933 | H16: 6000 | I16: 1256.636 | J16: 22.5116 | K16: 0.450232 | L16: 3291.2 | M16: 3280.6 | N16: 10.6 | O16: 0.16870438 | P16: 69.57641 | Q16: 25 | R16: 45 | S16: abrasive_wheel_80_mesh | T16: CFT-I | U16: 2 | V16: pending_review/rxq_aging_experiments/data/原始数据.xlsx | W16: pass_with_documented_conditions | X16: 100 r/min、10000 r、50 N；25±1 °C、45±3% RH；80 目砂轮，2000 目砂纸预处理；硬度均值 77.160→67.400 HA。
... A22: RXQ-WEAR-D035-S78 | B22: TIR-RXQ-D035-S78 | C22: AGE-RXQ-0840H | E22: ANON-OPERATOR | F22: 50 | G22: 0.20943933 | H22: 6000 | I22: 1256.636 | J22: 24.2734 | K22: 0.485468 | L22: 3348.8 | M22: 3340 | N22: 8.8 | O22: 0.14005647 | P22: 73.49467 | Q22: 25 | R22: 45 | S22: abrasive_wheel_80_mesh | T22: CFT-I | U22: 2 | V22: pending_review/rxq_aging_experiments/data/原始数据.xlsx | W22: pass_with_documented_conditions | X22: 100 r/min、10000 r、50 N；25±1 °C、45±3% RH；80 目砂轮，2000 目砂纸预处理；硬度均值 78.840→70.380 HA。

Sheet 结果汇总
A1: 按老化工况汇总（公式驱动）
A4: aging_condition_id | B4: temperature_C | C4: duration_h | D4: valid_test_count | E4: avg_friction_coefficient | F4: avg_mass_loss_mg | G4: avg_wear_rate_mg_per_Nm | H4: review_or_exclude_count | J4: aging_condition | K4: avg_friction_coefficient
A5: ='老化工况'!A5 | B5: ='老化工况'!B5 | C5: ='老化工况'!E5 | D5: =COUNTIFS('磨损原始记录'!$C$5:$C$34,A5,'磨损原始记录'!$W$5:$W$34,"pass") | E5: =IFERROR(SUMIFS('磨损原始记录'!$K$5:$K$34,'磨损原始记录'!$C$5:$C$34,A5,'磨损原始记录'!$W$5:$W$34,"pass")/D5,"") | F5: =IFERROR(SUMIFS('磨损原始记录'!$N$5:$N$34,'磨损原始记录'!$C$5:$C$34,A5,'磨损原始记录'!$W$5:$W$34,"pass")/D5,"") | G5: =IFERROR(SUMIFS('磨损原始记录'!$O$5:$O$34,'磨损原始记录'!$C$5:$C$34,A5,'磨损原始记录'!$W$5:$W$34,"pass")/D5,"") | H5: =COUNTIFS('磨损原始记录'!$C$5:$C$34,A5,'磨损原始记录'!$W$5:$W$34,"<>pass") | J5: =A5 | K5: =E5
A6: ='老化工况'!A6 | B6: ='老化工况'!B6 | C6: ='老化工况'!E6 | D6: =COUNTIFS('磨损原始记录'!$C$5:$C$34,A6,'磨损原始记录'!$W$5:$W$34,"pass") | E6: =IFERROR(SUMIFS('磨损原始记录'!$K$5:$K$34,'磨损原始记录'!$C$5:$C$34,A6,'磨损原始记录'!$W$5:$W$34,"pass")/D6,"") | F6: =IFERROR(SUMIFS('磨损原始记录'!$N$5:$N$34,'磨损原始记录'!$C$5:$C$34,A6,'磨损原始记录'!$W$5:$W$34,"pass")/D6,"") | G6: =IFERROR(SUMIFS('磨损原始记录'!$O$5:$O$34,'磨损原始记录'!$C$5:$C$34,A6,'磨损原始记录'!$W$5:$W$34,"pass")/D6,"") | H6: =COUNTIFS('磨损原始记录'!$C$5:$C$34,A6,'磨损原始记录'!$W$5:$W$34,"<>pass") | J6: =A6 | K6: =E6
A7: ='老化工况'!A7 | B7: ='老化工况'!B7 | C7: ='老化工况'!E7 | D7: =COUNTIFS('磨损原始记录'!$C$5:$C$34,A7,'磨损原始记录'!$W$5:$W$34,"pass") | E7: =IFERROR(SUMIFS('磨损原始记录'!$K$5:$K$34,'磨损原始记录'!$C$5:$C$34,A7,'磨损原始记录'!$W$5:$W$34,"pass")/D7,"") | F7: =IFERROR(SUMIFS('磨损原始记录'!$N$5:$N$34,'磨损原始记录'!$C$5:$C$34,A7,'磨损原始记录'!$W$5:$W$34,"pass")/D7,"") | G7: =IFERROR(SUMIFS('磨损原始记录'!$O$5:$O$34,'磨损原始记录'!$C$5:$C$34,A7,'磨损原始记录'!$W$5:$W$34,"pass")/D7,"") | H7: =COUNTIFS('磨损原始记录'!$C$5:$C$34,A7,'磨损原始记录'!$W$5:$W$34,"<>pass") | J7: =A7 | K7: =E7

Sheet 数据字典
A1: 实验数据字典
A4: sheet | B4: field | C4: type | D4: unit_or_enum | E4: required | F4: definition
A5: 样品信息 | B5: sample_id | C5: text | D5: unique | E5: yes | F5: 样品唯一编号，贯穿工况、测量和图像
A6: 样品信息 | B6: authorization_status | C6: enum | D6: pending/team_owned/authorized/public/restricted | E6: yes | F6: 数据使用授权状态
A7: 老化工况 | B7: aging_condition_id | C7: text | D7: unique | E7: yes | F7: 热氧老化工况唯一编号
A8: 老化工况 | B8: measured_temperature_mean_C | C8: number | D8: degC | E8: yes | F8: 老化期间实测平均温度
A9: 磨损原始记录 | B9: normal_load_N | C9: number | D9: N | E9: yes | F9: 法向载荷
A10: 磨损原始记录 | B10: sliding_speed_m_s | C10: number | D10: m/s | E10: yes | F10: 滑动速度
A11: 磨损原始记录 | B11: sliding_distance_m | C11: formula | D11: m | E11: derived | F11: 速度乘以时间
A12: 磨损原始记录 | B12: friction_coefficient | C12: formula | D12: dimensionless | E12: derived | F12: 平均摩擦力除以法向载荷
A13: 磨损原始记录 | B13: mass_loss_mg | C13: formula | D13: mg | E13: derived | F13: 试验前质量减去试验后质量
A14: 磨损原始记录 | B14: wear_rate_mg_per_Nm | C14: formula | D14: mg/(N*m) | E14: derived | F14: 质量损失除以载荷与滑动距离
A15: 磨损原始记录 | B15: qc_flag | C15: enum | D15: pass/review/exclude | E15: yes | F15: 质量控制状态
A16: 磨损原始记录 | B16: source_file | C16: text | D16: relative path | E16: yes | F16: 对应仪器原始导出文件
